PU 품번,제조사 품번,상품명,상품명 상세,설명,설명 번역,YOUR PRICE,SUGGESTED RETAIL,대표 이미지,상세 이미지,Fitments-year,Fitments-make,Fitments-model,Fitments-position,Fitments-notes
1810-2279,S-B10R3-CZT,Racing Line Exhaust System,Race Line Exhaust System - Titanium,A complete high-quality stainless steel exhaust system made with close attention to detail|Unique design enables it to obtain the maximum output for each specific model of motorcycle while significantly reducing overall weight for top performance in everyday riding or even in the most challenging races|Headpipes/collector/link pipe are made of stainless steel|Optional carbon fiber muffler brackets available separately,세부 사항에주의를 기울여 만든 완전한 고품질 스테인리스 스틸 배기 시스템 | 고유 한 디자인은 각각의 특정 오토바이 모델에 대한 최대 출력을 얻을 수 있으며 일상적인 라이딩 또는 가장 도전적인 경주에서도 최고 성능의 전반적인 무게를 크게 줄일 수 있습니다.헤드 파이프/수집기/링크 파이프는 스테인리스 스틸로 만들어졌습니다 | 옵션 탄소 섬유 머플러 브래킷 옵션 별별로 사용할 수 있습니다.,1529.00,2038.95,ak_1810-2279_1.jpg,ak_1810-2279_1.jpg,2015-2019,BMW,S1000RR,-,-
1810-2290,S-H6R11-AFT,Racing Line Exhaust System,Race Exhaust - Titanium,The Racing Line represents a full step in the exhaust system tuning process|Designed for riders that demand maximum performance from their motorcycle|Lighter compared to the stock exhaust system and features exceptional production quality and increased engine performance combined with pure racing sound output,레이싱 라인은 배기 시스템 튜닝 프로세스의 전체 단계를 나타냅니다. | 오토바이에서 최대 성능을 요구하는 라이더를 위해 설계되었습니다 | 스톡 배기 시스템에 비해 가벼우 며 순수한 레이싱 사운드 출력과 결합 된 탁월한 생산 품질과 엔진 성능 향상,939.80,1253.95,ak_1810-2290_1.jpg,ak_1810-2290_1.jpg|ak_1810-2290_2.jpg,2019-2023,Honda,CBR650R ABS,-,-
1810-2290,S-H6R11-AFT,Racing Line Exhaust System,Race Exhaust - Titanium,The Racing Line represents a full step in the exhaust system tuning process|Designed for riders that demand maximum performance from their motorcycle|Lighter compared to the stock exhaust system and features exceptional production quality and increased engine performance combined with pure racing sound output,레이싱 라인은 배기 시스템 튜닝 프로세스의 전체 단계를 나타냅니다. | 오토바이에서 최대 성능을 요구하는 라이더를 위해 설계되었습니다 | 스톡 배기 시스템에 비해 가벼우 며 순수한 레이싱 사운드 출력과 결합 된 탁월한 생산 품질과 엔진 성능 향상,939.80,1253.95,ak_1810-2290_1.jpg,ak_1810-2290_1.jpg|ak_1810-2290_2.jpg,2019-2023,Honda,CB650R ABS,-,-
1810-2290,S-H6R11-AFT,Racing Line Exhaust System,Race Exhaust - Titanium,The Racing Line represents a full step in the exhaust system tuning process|Designed for riders that demand maximum performance from their motorcycle|Lighter compared to the stock exhaust system and features exceptional production quality and increased engine performance combined with pure racing sound output,레이싱 라인은 배기 시스템 튜닝 프로세스의 전체 단계를 나타냅니다. | 오토바이에서 최대 성능을 요구하는 라이더를 위해 설계되었습니다 | 스톡 배기 시스템에 비해 가벼우 며 순수한 레이싱 사운드 출력과 결합 된 탁월한 생산 품질과 엔진 성능 향상,939.80,1253.95,ak_1810-2290_1.jpg,ak_1810-2290_1.jpg|ak_1810-2290_2.jpg,2019-2020,Honda,CB650R,-,-
1810-2290,S-H6R11-AFT,Racing Line Exhaust System,Race Exhaust - Titanium,The Racing Line represents a full step in the exhaust system tuning process|Designed for riders that demand maximum performance from their motorcycle|Lighter compared to the stock exhaust system and features exceptional production quality and increased engine performance combined with pure racing sound output,레이싱 라인은 배기 시스템 튜닝 프로세스의 전체 단계를 나타냅니다. | 오토바이에서 최대 성능을 요구하는 라이더를 위해 설계되었습니다 | 스톡 배기 시스템에 비해 가벼우 며 순수한 레이싱 사운드 출력과 결합 된 탁월한 생산 품질과 엔진 성능 향상,939.80,1253.95,ak_1810-2290_1.jpg,ak_1810-2290_1.jpg|ak_1810-2290_2.jpg,2019-2020,Honda,CBR650R,-,-
1810-2290,S-H6R11-AFT,Racing Line Exhaust System,Race Exhaust - Titanium,The Racing Line represents a full step in the exhaust system tuning process|Designed for riders that demand maximum performance from their motorcycle|Lighter compared to the stock exhaust system and features exceptional production quality and increased engine performance combined with pure racing sound output,레이싱 라인은 배기 시스템 튜닝 프로세스의 전체 단계를 나타냅니다. | 오토바이에서 최대 성능을 요구하는 라이더를 위해 설계되었습니다 | 스톡 배기 시스템에 비해 가벼우 며 순수한 레이싱 사운드 출력과 결합 된 탁월한 생산 품질과 엔진 성능 향상,939.80,1253.95,ak_1810-2290_1.jpg,ak_1810-2290_1.jpg|ak_1810-2290_2.jpg,2014-2018,Honda,CB650F,-,-
1810-2290,S-H6R11-AFT,Racing Line Exhaust System,Race Exhaust - Titanium,The Racing Line represents a full step in the exhaust system tuning process|Designed for riders that demand maximum performance from their motorcycle|Lighter compared to the stock exhaust system and features exceptional production quality and increased engine performance combined with pure racing sound output,레이싱 라인은 배기 시스템 튜닝 프로세스의 전체 단계를 나타냅니다. | 오토바이에서 최대 성능을 요구하는 라이더를 위해 설계되었습니다 | 스톡 배기 시스템에 비해 가벼우 며 순수한 레이싱 사운드 출력과 결합 된 탁월한 생산 품질과 엔진 성능 향상,939.80,1253.95,ak_1810-2290_1.jpg,ak_1810-2290_1.jpg|ak_1810-2290_2.jpg,2014-2018,Honda,CBR650F ABS,-,-
1810-2290,S-H6R11-AFT,Racing Line Exhaust System,Race Exhaust - Titanium,The Racing Line represents a full step in the exhaust system tuning process|Designed for riders that demand maximum performance from their motorcycle|Lighter compared to the stock exhaust system and features exceptional production quality and increased engine performance combined with pure racing sound output,레이싱 라인은 배기 시스템 튜닝 프로세스의 전체 단계를 나타냅니다. | 오토바이에서 최대 성능을 요구하는 라이더를 위해 설계되었습니다 | 스톡 배기 시스템에 비해 가벼우 며 순수한 레이싱 사운드 출력과 결합 된 탁월한 생산 품질과 엔진 성능 향상,939.80,1253.95,ak_1810-2290_1.jpg,ak_1810-2290_1.jpg|ak_1810-2290_2.jpg,2014-2018,Honda,CBR650F,-,-
1810-2290,S-H6R11-AFT,Racing Line Exhaust System,Race Exhaust - Titanium,The Racing Line represents a full step in the exhaust system tuning process|Designed for riders that demand maximum performance from their motorcycle|Lighter compared to the stock exhaust system and features exceptional production quality and increased engine performance combined with pure racing sound output,레이싱 라인은 배기 시스템 튜닝 프로세스의 전체 단계를 나타냅니다. | 오토바이에서 최대 성능을 요구하는 라이더를 위해 설계되었습니다 | 스톡 배기 시스템에 비해 가벼우 며 순수한 레이싱 사운드 출력과 결합 된 탁월한 생산 품질과 엔진 성능 향상,939.80,1253.95,ak_1810-2290_1.jpg,ak_1810-2290_1.jpg|ak_1810-2290_2.jpg,2014-2018,Honda,CB650F ABS,-,-
